index,type
0,Ипотека
1,Кредит
2,Бизнес услуги
3,Бизнес услуги
4,Кредит
5,Ипотека
6,Инвестиционные продукты
7,Кредит
8,Ипотека
9,Кредит
10,Ипотека
11,Кредит
12,Ипотека
13,Реструктуризация
14,Денежные переводы
15,Дебетовая карта
16,Кредит
17,Кредит
18,Кредит
19,Ипотека
20,Вклад
21,Реструктуризация
22,Кредит
23,Обслуживание физ. и юр. лиц
24,Реструктуризация
25,Кредит
26,Кредит
27,Дебетовая карта
28,Ипотека
29,Реструктуризация
30,Обслуживание физ. и юр. лиц
31,Кредит
32,Кредит
33,Денежные переводы
34,Обслуживание физ. и юр. лиц
35,Бизнес услуги
36,Кредит
37,Дебетовая карта
38,Кредит
39,Вклад
40,Дебетовая карта
41,Кредит
42,Кредит
43,Кредит
44,Кредит
45,Ипотека
46,Кредит
47,Кредит
48,Вклад
49,Ипотека
50,Кредит
51,Ипотека
52,Кредит
53,Денежные переводы
54,Вклад
55,Кредит
56,Кредит
57,Реструктуризация
58,Бизнес услуги
59,Вклад
60,Кредит
61,Кредит
62,Кредит
63,Кредит
64,Обслуживание физ. и юр. лиц
65,Кредит
66,Вклад
67,Денежные переводы
68,Кредит
69,Дебетовая карта
70,Дебетовая карта
71,Кредит
72,Вклад
73,Кредит
74,Кредит
75,Ипотека
76,Кредит
77,Вклад
78,Кредит
79,Кредит
80,Бизнес услуги
81,Кредит
82,Ипотека
83,Кредит
84,Ипотека
85,Обслуживание физ. и юр. лиц
86,Кредит
87,Реструктуризация
88,Вклад
89,Кредит
90,Кредит
91,Бизнес услуги
92,Бизнес услуги
93,Кредит
94,Вклад
95,Кредит
96,Реструктуризация
97,Вклад
98,Кредит
99,Вклад
100,Кредит
101,Кредит
102,Кредит
103,Бизнес услуги
104,Кредит
105,Кредит
106,Кредит
107,Бизнес услуги
108,Бизнес услуги
109,Кредит
110,Ипотека
111,Кредит
112,Ипотека
113,Ипотека
114,Кредит
115,Кредит
116,Вклад
117,Вклад
118,Дебетовая карта
119,Обслуживание физ. и юр. лиц
120,Бизнес услуги
121,Кредит
122,Кредит
123,Ипотека
124,Ипотека
125,Кредит
126,Кредит
127,Вклад
128,Кредит
129,Кредит
130,Кредит
131,Кредит
132,Ипотека
133,Кредит
134,Ипотека
135,Кредит
136,Вклад
137,Бизнес услуги
138,Кредит
139,Дебетовая карта
140,Кредит
141,Обслуживание физ. и юр. лиц
142,Ипотека
143,Ипотека
144,Денежные переводы
145,Бизнес услуги
146,Дебетовая карта
147,Кредит
148,Вклад
149,Ипотека
150,Реструктуризация
151,Кредит
152,Кредит
153,Дебетовая карта
154,Кредит
155,Бизнес услуги
156,Ипотека
157,Кредит
158,Кредит
159,Вклад
160,Кредит
161,Вклад
162,Ипотека
163,Обслуживание физ. и юр. лиц
164,Кредит
165,Кредит
166,Кредит
167,Реструктуризация
168,Кредит
169,Кредит
170,Кредит
171,Ипотека
172,Кредит
173,Кредит
174,Ипотека
175,Кредит
176,Кредит
177,Кредит
178,Вклад
179,Дебетовая карта
180,Вклад
181,Вклад
182,Кредит
183,Реструктуризация
184,Кредит
185,Кредит
186,Ипотека
187,Кредит
188,Ипотека
189,Дебетовая карта
190,Обслуживание физ. и юр. лиц
191,Денежные переводы
192,Вклад
193,Вклад
194,Кредит
195,Кредит
196,Бизнес услуги
197,Кредит
198,Кредит
199,Бизнес услуги
200,Реструктуризация
201,Ипотека
202,Кредит
203,Кредит
204,Ипотека
205,Кредит
206,Бизнес услуги
207,Бизнес услуги
208,Кредит
209,Кредит
210,Бизнес услуги
211,Вклад
212,Кредит
213,Бизнес услуги
214,Вклад
215,Вклад
216,Бизнес услуги
217,Кредит
218,Ипотека
219,Кредит
220,Кредит
221,Кредит
222,Вклад
223,Кредит
224,Кредит
225,Кредит
226,Реструктуризация
227,Кредит
228,Бизнес услуги
229,Реструктуризация
230,Обслуживание физ. и юр. лиц
231,Кредит
232,Бизнес услуги
233,Вклад
234,Ипотека
235,Кредит
236,Кредит
237,Кредит
238,Кредит
239,Кредит
240,Кредит
241,Вклад
242,Кредит
243,Бизнес услуги
244,Дебетовая карта
245,Ипотека
246,Реструктуризация
247,Кредит
248,Дебетовая карта
249,Кредит
250,Дебетовая карта
251,Обслуживание физ. и юр. лиц
252,Кредит
253,Вклад
254,Кредит
255,Ипотека
256,Денежные переводы
257,Кредит
258,Вклад
259,Ипотека
260,Вклад
261,Кредит
262,Ипотека
263,Вклад
264,Обслуживание физ. и юр. лиц
265,Кредит
266,Кредит
267,Вклад
268,Дебетовая карта
269,Кредит
270,Кредит
271,Ипотека
272,Дебетовая карта
273,Кредит
274,Кредит
275,Вклад
276,Кредит
277,Кредит
278,Кредит
279,Дебетовая карта
280,Кредит
281,Вклад
282,Ипотека
283,Кредит
284,Кредит
285,Вклад
286,Кредит
287,Кредит
288,Кредит
289,Кредит
290,Кредит
291,Кредит
292,Кредит
293,Кредит
294,Кредит
295,Кредит
296,Вклад
297,Кредит
298,Кредит
299,Вклад
300,Кредит
301,Кредит
302,Обслуживание физ. и юр. лиц
303,Кредит
304,Кредит
305,Вклад
306,Кредит
307,Ипотека
308,Ипотека
309,Вклад
310,Кредит
311,Кредит
312,Кредит
313,Обслуживание физ. и юр. лиц
314,Кредит
315,Бизнес услуги
316,Вклад
317,Кредит
318,Обслуживание физ. и юр. лиц
319,Обслуживание физ. и юр. лиц
320,Кредит
321,Кредит
322,Вклад
323,Вклад
324,Кредит
325,Бизнес услуги
326,Кредит
327,Дебетовая карта
328,Кредит
329,Кредит
330,Бизнес услуги
331,Кредит
332,Кредит
333,Кредит
334,Бизнес услуги
335,Бизнес услуги
336,Ипотека
337,Кредит
338,Кредит
339,Кредит
340,Вклад
341,Реструктуризация
342,Кредит
343,Кредит
344,Обслуживание физ. и юр. лиц
345,Обслуживание физ. и юр. лиц
346,Кредит
347,Обслуживание физ. и юр. лиц
348,Реструктуризация
349,Кредит
350,Кредит
351,Ипотека
352,Вклад
353,Вклад
354,Ипотека
355,Кредит
356,Дебетовая карта
357,Обслуживание физ. и юр. лиц
358,Вклад
359,Ипотека
360,Дебетовая карта
361,Обслуживание физ. и юр. лиц
362,Кредит
363,Кредит
364,Кредит
365,Кредит
366,Кредит
367,Бизнес услуги
368,Кредит
369,Вклад
370,Кредит
371,Вклад
372,Кредит
373,Реструктуризация
374,Ипотека
375,Кредит
376,Кредит
377,Кредит
378,Кредит
379,Вклад
380,Обслуживание физ. и юр. лиц
381,Кредит
382,Кредит
383,Кредит
384,Кредит
385,Бизнес услуги
386,Бизнес услуги
387,Кредит
388,Кредит
389,Ипотека
390,Кредит
391,Ипотека
392,Кредит
393,Кредит
394,Кредит
395,Кредит
396,Дебетовая карта
397,Ипотека
398,Кредит
399,Кредит
400,Кредит
401,Кредит
402,Кредит
403,Вклад
404,Дебетовая карта
405,Кредит
406,Ипотека
407,Кредит
408,Бизнес услуги
409,Кредит
410,Кредит
411,Вклад
412,Кредит
413,Вклад
414,Кредит
415,Кредит
416,Кредит
417,Вклад
418,Бизнес услуги
419,Обслуживание физ. и юр. лиц
420,Обслуживание физ. и юр. лиц
421,Кредит
422,Дебетовая карта
423,Кредит
424,Обслуживание физ. и юр. лиц
425,Кредит
426,Кредит
427,Кредит
428,Кредит
429,Ипотека
430,Обслуживание физ. и юр. лиц
431,Кредит
432,Ипотека
433,Дебетовая карта
434,Денежные переводы
435,Кредит
436,Бизнес услуги
437,Кредит
438,Ипотека
439,Кредит
440,Кредит
441,Кредит
442,Кредит
443,Ипотека
444,Бизнес услуги
445,Кредит
446,Обслуживание физ. и юр. лиц
447,Бизнес услуги
448,Кредит
449,Кредит
450,Обслуживание физ. и юр. лиц
451,Кредит
452,Дебетовая карта
453,Кредит
454,Кредит
455,Ипотека
456,Кредит
457,Кредит
458,Дебетовая карта
459,Бизнес услуги
460,Кредит
461,Вклад
462,Вклад
463,Кредит
464,Реструктуризация
465,Ипотека
466,Кредит
467,Бизнес услуги
468,Обслуживание физ. и юр. лиц
469,Кредит
470,Бизнес услуги
471,Обслуживание физ. и юр. лиц
472,Кредит
473,Кредит
474,Вклад
475,Бизнес услуги
476,Вклад
477,Кредит
478,Ипотека
479,Обслуживание физ. и юр. лиц
480,Кредит
481,Ипотека
482,Вклад
483,Кредит
484,Кредит
485,Ипотека
486,Вклад
487,Кредит
488,Кредит
489,Дебетовая карта
490,Бизнес услуги
491,Бизнес услуги
492,Кредит
493,Вклад
494,Кредит
495,Дебетовая карта
496,Ипотека
497,Обслуживание физ. и юр. лиц
498,Кредит
499,Кредит
500,Кредит
501,Реструктуризация
502,Кредит
503,Бизнес услуги
504,Вклад
505,Кредит
506,Бизнес услуги
507,Бизнес услуги
508,Реструктуризация
509,Кредит
510,Бизнес услуги
511,Кредит
512,Кредит
513,Кредит
514,Дебетовая карта
515,Обслуживание физ. и юр. лиц
516,Вклад
517,Кредит
518,Бизнес услуги
519,Кредит
520,Реструктуризация
521,Кредит
522,Обслуживание физ. и юр. лиц
523,Кредит
524,Бизнес услуги
525,Кредит
526,Кредит
527,Обслуживание физ. и юр. лиц
528,Дебетовая карта
529,Бизнес услуги
530,Кредит
531,Кредит
532,Бизнес услуги
533,Кредит
534,Кредит
535,Вклад
536,Дебетовая карта
537,Кредит
538,Кредит
539,Вклад
540,Обслуживание физ. и юр. лиц
541,Кредит
542,Реструктуризация
543,Вклад
544,Кредит
545,Реструктуризация
546,Кредит
547,Кредит
548,Кредит
549,Кредит
550,Вклад
551,Кредит
552,Ипотека
553,Вклад
554,Кредит
555,Дебетовая карта
556,Вклад
557,Бизнес услуги
558,Вклад
559,Вклад
560,Кредит
561,Кредит
562,Кредит
563,Вклад
564,Реструктуризация
565,Кредит
566,Кредит
567,Обслуживание физ. и юр. лиц
568,Обслуживание физ. и юр. лиц
569,Вклад
570,Кредит
571,Кредит
572,Вклад
573,Обслуживание физ. и юр. лиц
574,Обслуживание физ. и юр. лиц
575,Вклад
576,Ипотека
577,Бизнес услуги
578,Кредит
579,Вклад
580,Кредит
581,Кредит
582,Вклад
583,Реструктуризация
584,Кредит
585,Бизнес услуги
586,Кредит
587,Дебетовая карта
588,Кредит
589,Ипотека
590,Кредит
591,Дебетовая карта
592,Кредит
593,Вклад
594,Реструктуризация
595,Кредит
596,Реструктуризация
597,Кредит
598,Дебетовая карта
599,Денежные переводы
600,Кредит
601,Вклад
602,Кредит
603,Кредит
604,Кредит
605,Дебетовая карта
606,Кредит
607,Ипотека
608,Ипотека
609,Кредит
610,Кредит
611,Вклад
612,Кредит
613,Дебетовая карта
614,Бизнес услуги
615,Вклад
616,Кредит
617,Кредит
618,Дебетовая карта
619,Кредит
620,Кредит
621,Кредит
622,Кредит
623,Обслуживание физ. и юр. лиц
624,Вклад
625,Денежные переводы
626,Кредит
627,Ипотека
628,Обслуживание физ. и юр. лиц
629,Бизнес услуги
630,Кредит
631,Кредит
632,Обслуживание физ. и юр. лиц
633,Кредит
634,Кредит
635,Вклад
636,Кредит
637,Обслуживание физ. и юр. лиц
638,Кредит
639,Реструктуризация
640,Денежные переводы
641,Бизнес услуги
642,Кредит
643,Дебетовая карта
644,Кредит
645,Кредит
646,Ипотека
647,Дебетовая карта
648,Обслуживание физ. и юр. лиц
649,Ипотека
650,Дебетовая карта
651,Кредит
652,Ипотека
653,Кредит
654,Ипотека
655,Обслуживание физ. и юр. лиц
656,Кредит
657,Кредит
658,Кредит
659,Кредит
660,Кредит
661,Кредит
662,Кредит
663,Кредит
664,Кредит
665,Кредит
666,Кредит
667,Кредит
668,Вклад
669,Кредит
670,Кредит
671,Кредит
672,Обслуживание физ. и юр. лиц
673,Кредит
674,Дебетовая карта
675,Вклад
676,Обслуживание физ. и юр. лиц
677,Кредит
678,Кредит
679,Реструктуризация
680,Кредит
681,Кредит
682,Ипотека
683,Кредит
684,Кредит
685,Ипотека
686,Кредит
687,Вклад
688,Ипотека
689,Кредит
690,Вклад
691,Кредит
692,Обслуживание физ. и юр. лиц
693,Кредит
694,Дебетовая карта
695,Вклад
696,Реструктуризация
697,Вклад
698,Обслуживание физ. и юр. лиц
699,Бизнес услуги
700,Кредит
701,Бизнес услуги
702,Кредит
703,Кредит
704,Обслуживание физ. и юр. лиц
705,Кредит
706,Кредит
707,Кредит
708,Вклад
709,Кредит
710,Кредит
711,Дебетовая карта
712,Вклад
713,Кредит
714,Реструктуризация
715,Дебетовая карта
716,Кредит
717,Кредит
718,Реструктуризация
719,Кредит
720,Обслуживание физ. и юр. лиц
721,Дебетовая карта
722,Кредит
723,Ипотека
724,Вклад
725,Кредит
726,Кредит
727,Бизнес услуги
728,Кредит
729,Кредит
730,Бизнес услуги
731,Кредит
732,Кредит
733,Ипотека
734,Кредит
735,Бизнес услуги
736,Бизнес услуги
737,Бизнес услуги
738,Ипотека
739,Кредит
740,Кредит
741,Кредит
742,Реструктуризация
743,Вклад
744,Вклад
745,Кредит
746,Кредит
747,Кредит
748,Вклад
749,Вклад
750,Кредит
751,Кредит
752,Обслуживание физ. и юр. лиц
753,Бизнес услуги
754,Реструктуризация
755,Дебетовая карта
756,Ипотека
757,Кредит
758,Кредит
759,Вклад
760,Кредит
761,Обслуживание физ. и юр. лиц
762,Кредит
763,Вклад
764,Обслуживание физ. и юр. лиц
765,Обслуживание физ. и юр. лиц
766,Кредит
767,Кредит
768,Обслуживание физ. и юр. лиц
769,Вклад
770,Бизнес услуги
771,Кредит
772,Кредит
773,Вклад
774,Кредит
775,Вклад
776,Обслуживание физ. и юр. лиц
777,Обслуживание физ. и юр. лиц
778,Дебетовая карта
779,Кредит
780,Кредит
781,Ипотека
782,Кредит
783,Ипотека
784,Кредит
785,Кредит
786,Кредит
787,Кредит
788,Вклад
789,Бизнес услуги
790,Кредит
791,Реструктуризация
792,Кредит
793,Ипотека
794,Вклад
795,Бизнес услуги
796,Кредит
797,Ипотека
798,Реструктуризация
799,Вклад
800,Кредит
801,Дебетовая карта
802,Вклад
803,Ипотека
804,Кредит
805,Ипотека
806,Обслуживание физ. и юр. лиц
807,Кредит
808,Кредит
809,Кредит
810,Реструктуризация
811,Кредит
812,Денежные переводы
813,Бизнес услуги
814,Ипотека
815,Кредит
816,Обслуживание физ. и юр. лиц
817,Кредит
818,Кредит
819,Кредит
820,Кредит
821,Вклад
822,Кредит
823,Кредит
824,Кредит
825,Кредит
826,Реструктуризация
827,Ипотека
828,Кредит
829,Кредит
830,Дебетовая карта
831,Кредит
832,Обслуживание физ. и юр. лиц
833,Вклад
834,Кредит
835,Бизнес услуги
836,Кредит
837,Кредит
838,Кредит
839,Кредит
840,Бизнес услуги
841,Кредит
842,Кредит
843,Вклад
844,Обслуживание физ. и юр. лиц
845,Ипотека
846,Вклад
847,Вклад
848,Кредит
849,Кредит
850,Ипотека
851,Бизнес услуги
852,Бизнес услуги
853,Кредит
854,Вклад
855,Кредит
856,Ипотека
857,Вклад
858,Вклад
859,Кредит
860,Дебетовая карта
861,Кредит
862,Кредит
863,Бизнес услуги
864,Кредит
865,Вклад
866,Кредит
867,Бизнес услуги
868,Ипотека
869,Обслуживание физ. и юр. лиц
870,Кредит
871,Обслуживание физ. и юр. лиц
872,Бизнес услуги
873,Ипотека
874,Кредит
875,Ипотека
876,Ипотека
877,Дебетовая карта
878,Реструктуризация
879,Денежные переводы
880,Ипотека
881,Вклад
882,Кредит
883,Кредит
884,Вклад
885,Ипотека
886,Кредит
887,Кредит
888,Реструктуризация
889,Кредит
890,Кредит
891,Ипотека
892,Кредит
893,Обслуживание физ. и юр. лиц
894,Кредит
895,Кредит
896,Кредит
897,Кредит
898,Дебетовая карта
899,Кредит
900,Вклад
901,Кредит
902,Кредит
903,Кредит
904,Кредит
905,Кредит
906,Кредит
907,Обслуживание физ. и юр. лиц
908,Реструктуризация
909,Кредит
910,Кредит
911,Вклад
912,Кредит
913,Кредит
914,Кредит
915,Кредит
916,Кредит
917,Обслуживание физ. и юр. лиц
918,Кредит
919,Кредит
920,Вклад
921,Ипотека
922,Дебетовая карта
923,Вклад
924,Кредит
925,Бизнес услуги
926,Бизнес услуги
927,Обслуживание физ. и юр. лиц
928,Кредит
929,Бизнес услуги
930,Кредит
931,Дебетовая карта
932,Кредит
933,Бизнес услуги
934,Кредит
935,Кредит
936,Обслуживание физ. и юр. лиц
937,Вклад
938,Кредит
939,Вклад
940,Кредит
941,Кредит
942,Вклад
943,Кредит
944,Обслуживание физ. и юр. лиц
945,Обслуживание физ. и юр. лиц
946,Кредит
947,Кредит
948,Кредит
949,Вклад
950,Ипотека
951,Кредит
952,Бизнес услуги
953,Кредит
954,Вклад
955,Вклад
956,Ипотека
957,Ипотека
958,Кредит
959,Кредит
960,Бизнес услуги
961,Кредит
962,Вклад
963,Вклад
964,Обслуживание физ. и юр. лиц
965,Вклад
966,Кредит
967,Вклад
968,Денежные переводы
969,Кредит
970,Ипотека
971,Кредит
972,Вклад
973,Ипотека
974,Вклад
975,Ипотека
976,Кредит
977,Кредит
978,Кредит
979,Вклад
980,Кредит
981,Кредит
982,Кредит
983,Кредит
984,Ипотека
985,Кредит
986,Кредит
987,Вклад
988,Дебетовая карта
989,Кредит
990,Ипотека
991,Кредит
992,Кредит
993,Кредит
994,Кредит
995,Кредит
996,Кредит
997,Кредит
998,Бизнес услуги
999,Ипотека
1000,Обслуживание физ. и юр. лиц
1001,Ипотека
1002,Кредит
1003,Кредит
1004,Бизнес услуги
1005,Кредит
1006,Кредит
1007,Кредит
1008,Вклад
1009,Вклад
1010,Кредит
1011,Вклад
1012,Кредит
1013,Кредит
1014,Кредит
1015,Кредит
1016,Вклад
1017,Вклад
1018,Кредит
1019,Кредит
1020,Кредит
1021,Бизнес услуги
1022,Кредит
1023,Кредит
1024,Кредит
1025,Кредит
1026,Кредит
1027,Дебетовая карта
1028,Денежные переводы
1029,Кредит
1030,Кредит
1031,Дебетовая карта
1032,Кредит
1033,Вклад
1034,Кредит
1035,Кредит
1036,Кредит
1037,Кредит
1038,Кредит
1039,Кредит
1040,Обслуживание физ. и юр. лиц
1041,Кредит
1042,Кредит
1043,Вклад
1044,Дебетовая карта
1045,Вклад
1046,Кредит
1047,Кредит
1048,Обслуживание физ. и юр. лиц
1049,Ипотека
1050,Вклад
1051,Кредит
1052,Вклад
1053,Ипотека
1054,Кредит
1055,Ипотека
1056,Кредит
1057,Кредит
1058,Ипотека
1059,Бизнес услуги
1060,Вклад
1061,Кредит
1062,Кредит
1063,Кредит
1064,Вклад
1065,Кредит
1066,Кредит
1067,Кредит
1068,Обслуживание физ. и юр. лиц
1069,Реструктуризация
1070,Кредит
1071,Кредит
1072,Кредит
1073,Вклад
1074,Бизнес услуги
1075,Дебетовая карта
1076,Кредит
1077,Реструктуризация
1078,Бизнес услуги
1079,Кредит
1080,Кредит
1081,Ипотека
1082,Кредит
1083,Вклад
1084,Кредит
1085,Обслуживание физ. и юр. лиц
1086,Кредит
1087,Кредит
1088,Кредит
1089,Вклад
1090,Кредит
1091,Вклад
1092,Ипотека
1093,Кредит
1094,Бизнес услуги
1095,Кредит
1096,Бизнес услуги
1097,Ипотека
1098,Ипотека
1099,Обслуживание физ. и юр. лиц
1100,Кредит
1101,Кредит
1102,Бизнес услуги
1103,Реструктуризация
1104,Обслуживание физ. и юр. лиц
1105,Дебетовая карта
1106,Ипотека
1107,Бизнес услуги
1108,Обслуживание физ. и юр. лиц
1109,Кредит
1110,Вклад
1111,Кредит
1112,Ипотека
1113,Кредит
1114,Кредит
1115,Кредит
1116,Кредит
1117,Кредит
1118,Кредит
1119,Кредит
1120,Кредит
1121,Реструктуризация
1122,Ипотека
1123,Ипотека
1124,Кредит
1125,Ипотека
1126,Кредит
1127,Кредит
1128,Кредит
1129,Обслуживание физ. и юр. лиц
1130,Кредит
1131,Ипотека
1132,Вклад
1133,Ипотека
1134,Кредит
1135,Бизнес услуги
1136,Кредит
1137,Кредит
1138,Кредит
1139,Кредит
1140,Реструктуризация
1141,Бизнес услуги
1142,Дебетовая карта
1143,Вклад
1144,Вклад
1145,Кредит
1146,Кредит
1147,Реструктуризация
1148,Кредит
1149,Кредит
1150,Кредит
1151,Ипотека
1152,Кредит
1153,Бизнес услуги
1154,Кредит
1155,Кредит
1156,Кредит
1157,Ипотека
1158,Дебетовая карта
1159,Обслуживание физ. и юр. лиц
1160,Кредит
1161,Кредит
1162,Вклад
1163,Обслуживание физ. и юр. лиц
1164,Кредит
1165,Бизнес услуги
1166,Кредит
1167,Бизнес услуги
1168,Кредит
1169,Реструктуризация
1170,Вклад
1171,Денежные переводы
1172,Бизнес услуги
1173,Кредит
1174,Бизнес услуги
1175,Кредит
1176,Вклад
1177,Кредит
1178,Кредит
1179,Кредит
1180,Кредит
1181,Кредит
1182,Кредит
1183,Ипотека
1184,Кредит
1185,Вклад
1186,Кредит
1187,Кредит
1188,Кредит
1189,Вклад
1190,Вклад
1191,Кредит
1192,Кредит
1193,Ипотека
1194,Кредит
1195,Ипотека
1196,Кредит
1197,Кредит
1198,Кредит
1199,Обслуживание физ. и юр. лиц
1200,Реструктуризация
1201,Кредит
1202,Ипотека
1203,Кредит
1204,Кредит
1205,Вклад
1206,Дебетовая карта
1207,Реструктуризация
1208,Денежные переводы
1209,Бизнес услуги
1210,Денежные переводы
1211,Кредит
1212,Вклад
1213,Ипотека
1214,Обслуживание физ. и юр. лиц
1215,Кредит
1216,Кредит
1217,Кредит
1218,Вклад
1219,Вклад
1220,Вклад
1221,Вклад
1222,Кредит
1223,Вклад
1224,Кредит
1225,Кредит
1226,Ипотека
1227,Вклад
1228,Кредит
1229,Вклад
1230,Кредит
1231,Вклад
1232,Бизнес услуги
1233,Дебетовая карта
1234,Кредит
1235,Кредит
1236,Кредит
1237,Кредит
1238,Кредит
1239,Ипотека
1240,Кредит
1241,Кредит
1242,Бизнес услуги
1243,Бизнес услуги
1244,Кредит
1245,Ипотека
1246,Бизнес услуги
1247,Кредит
1248,Бизнес услуги
1249,Ипотека
1250,Бизнес услуги
1251,Денежные переводы
1252,Бизнес услуги
1253,Кредит
1254,Кредит
1255,Вклад
1256,Кредит
1257,Вклад
1258,Кредит
1259,Кредит
1260,Реструктуризация
1261,Вклад
1262,Кредит
1263,Кредит
1264,Кредит
1265,Кредит
1266,Реструктуризация
1267,Дебетовая карта
1268,Дебетовая карта
1269,Кредит
1270,Вклад
1271,Кредит
1272,Обслуживание физ. и юр. лиц
1273,Кредит
1274,Ипотека
1275,Кредит
1276,Кредит
1277,Кредит
1278,Кредит
1279,Вклад
1280,Обслуживание физ. и юр. лиц
1281,Кредит
1282,Кредит
1283,Бизнес услуги
1284,Обслуживание физ. и юр. лиц
1285,Кредит
1286,Обслуживание физ. и юр. лиц
1287,Кредит
1288,Реструктуризация
1289,Вклад
1290,Ипотека
1291,Кредит
1292,Обслуживание физ. и юр. лиц
1293,Вклад
1294,Обслуживание физ. и юр. лиц
1295,Кредит
1296,Кредит
1297,Кредит
1298,Кредит
1299,Кредит
1300,Кредит
1301,Вклад
1302,Кредит
1303,Бизнес услуги
1304,Обслуживание физ. и юр. лиц
1305,Ипотека
1306,Бизнес услуги
1307,Кредит
1308,Бизнес услуги
1309,Кредит
1310,Кредит
1311,Обслуживание физ. и юр. лиц
1312,Кредит
1313,Кредит
1314,Бизнес услуги
1315,Бизнес услуги
1316,Бизнес услуги
1317,Вклад
1318,Вклад
1319,Вклад
1320,Обслуживание физ. и юр. лиц
1321,Кредит
1322,Кредит
1323,Кредит
1324,Вклад
1325,Вклад
1326,Вклад
1327,Дебетовая карта
1328,Ипотека
1329,Кредит
1330,Бизнес услуги
1331,Реструктуризация
1332,Обслуживание физ. и юр. лиц
1333,Бизнес услуги
1334,Кредит
1335,Кредит
1336,Кредит
1337,Бизнес услуги
1338,Дебетовая карта
1339,Кредит
1340,Кредит
1341,Ипотека
1342,Ипотека
1343,Кредит
1344,Кредит
1345,Кредит
1346,Обслуживание физ. и юр. лиц
1347,Ипотека
1348,Кредит
1349,Вклад
1350,Вклад
1351,Кредит
1352,Кредит
1353,Вклад
1354,Кредит
1355,Вклад
1356,Кредит
1357,Кредит
1358,Дебетовая карта
1359,Кредит
1360,Обслуживание физ. и юр. лиц
1361,Вклад
1362,Кредит
1363,Кредит
1364,Ипотека
1365,Кредит
1366,Кредит
1367,Кредит
1368,Ипотека
1369,Вклад
1370,Кредит
1371,Кредит
1372,Кредит
1373,Ипотека
1374,Ипотека
1375,Реструктуризация
1376,Бизнес услуги
1377,Реструктуризация
1378,Ипотека
1379,Вклад
1380,Денежные переводы
1381,Дебетовая карта
1382,Кредит
1383,Реструктуризация
1384,Вклад
1385,Вклад
1386,Кредит
1387,Кредит
1388,Реструктуризация
1389,Кредит
1390,Кредит
1391,Кредит
1392,Кредит
1393,Ипотека
1394,Кредит
1395,Кредит
1396,Реструктуризация
1397,Вклад
1398,Вклад
1399,Кредит
1400,Ипотека
1401,Кредит
1402,Кредит
1403,Кредит
1404,Кредит
1405,Бизнес услуги
1406,Кредит
1407,Кредит
1408,Ипотека
1409,Кредит
1410,Реструктуризация
1411,Кредит
1412,Вклад
1413,Обслуживание физ. и юр. лиц
1414,Кредит
1415,Кредит
1416,Вклад
1417,Ипотека
1418,Кредит
1419,Бизнес услуги
1420,Кредит
1421,Кредит
1422,Кредит
1423,Кредит
1424,Кредит
1425,Вклад
1426,Кредит
1427,Кредит
1428,Вклад
1429,Обслуживание физ. и юр. лиц
1430,Дебетовая карта
1431,Кредит
1432,Бизнес услуги
1433,Ипотека
1434,Кредит
1435,Бизнес услуги
1436,Кредит
1437,Вклад
1438,Кредит
1439,Кредит
1440,Бизнес услуги
1441,Кредит
1442,Кредит
1443,Кредит
1444,Вклад
1445,Бизнес услуги
1446,Вклад
1447,Кредит
1448,Дебетовая карта
1449,Кредит
1450,Кредит
1451,Кредит
1452,Кредит
1453,Кредит
1454,Вклад
1455,Вклад
1456,Кредит
1457,Кредит
1458,Реструктуризация
1459,Кредит
1460,Кредит
1461,Кредит
1462,Обслуживание физ. и юр. лиц
1463,Бизнес услуги
1464,Кредит
1465,Кредит
1466,Реструктуризация
1467,Ипотека
1468,Кредит
1469,Кредит
1470,Дебетовая карта
1471,Дебетовая карта
1472,Кредит
1473,Кредит
1474,Кредит
1475,Ипотека
1476,Кредит
1477,Ипотека
1478,Кредит
1479,Кредит
1480,Ипотека
1481,Кредит
1482,Кредит
1483,Кредит
1484,Обслуживание физ. и юр. лиц
1485,Кредит
1486,Кредит
1487,Вклад
1488,Обслуживание физ. и юр. лиц
1489,Вклад
1490,Кредит
1491,Кредит
1492,Кредит
1493,Кредит
1494,Кредит
1495,Кредит
1496,Кредит
1497,Кредит
1498,Реструктуризация
1499,Кредит
1500,Кредит
1501,Кредит
1502,Ипотека
1503,Реструктуризация
1504,Кредит
1505,Вклад
1506,Бизнес услуги
1507,Кредит
1508,Вклад
1509,Кредит
1510,Вклад
1511,Дебетовая карта
1512,Кредит
1513,Реструктуризация
1514,Вклад
1515,Кредит
1516,Кредит
1517,Кредит
1518,Кредит
1519,Вклад
1520,Ипотека
1521,Реструктуризация
1522,Кредит
1523,Дебетовая карта
1524,Кредит
1525,Кредит
1526,Кредит
1527,Реструктуризация
1528,Кредит
1529,Вклад
1530,Кредит
1531,Ипотека
1532,Бизнес услуги
1533,Кредит
1534,Обслуживание физ. и юр. лиц
1535,Кредит
1536,Кредит
1537,Реструктуризация
1538,Кредит
1539,Кредит
1540,Кредит
1541,Ипотека
1542,Кредит
1543,Обслуживание физ. и юр. лиц
1544,Вклад
1545,Вклад
1546,Вклад
1547,Ипотека
1548,Ипотека
1549,Кредит
1550,Реструктуризация
1551,Кредит
1552,Кредит
1553,Ипотека
1554,Вклад
1555,Кредит
1556,Кредит
1557,Кредит
1558,Ипотека
1559,Кредит
1560,Вклад
1561,Бизнес услуги
1562,Кредит
1563,Кредит
1564,Обслуживание физ. и юр. лиц
1565,Кредит
1566,Бизнес услуги
1567,Бизнес услуги
1568,Кредит
1569,Кредит
1570,Бизнес услуги
1571,Кредит
1572,Вклад
1573,Кредит
1574,Кредит
1575,Ипотека
1576,Ипотека
1577,Ипотека
1578,Реструктуризация
1579,Дебетовая карта
1580,Реструктуризация
1581,Вклад
1582,Кредит
1583,Кредит
1584,Кредит
1585,Ипотека
1586,Кредит
1587,Вклад
1588,Вклад
1589,Вклад
1590,Кредит
1591,Кредит
1592,Обслуживание физ. и юр. лиц
1593,Кредит
1594,Бизнес услуги
1595,Вклад
1596,Кредит
1597,Кредит
1598,Кредит
1599,Дебетовая карта
1600,Кредит
1601,Вклад
1602,Кредит
1603,Кредит
1604,Ипотека
1605,Обслуживание физ. и юр. лиц
1606,Кредит
1607,Кредит
1608,Обслуживание физ. и юр. лиц
1609,Кредит
1610,Бизнес услуги
1611,Кредит
1612,Кредит
1613,Денежные переводы
1614,Кредит
1615,Бизнес услуги
1616,Кредит
1617,Кредит
1618,Кредит
1619,Кредит
1620,Вклад
1621,Вклад
1622,Ипотека
1623,Ипотека
1624,Обслуживание физ. и юр. лиц
1625,Обслуживание физ. и юр. лиц
1626,Бизнес услуги
1627,Кредит
1628,Кредит
1629,Кредит
1630,Кредит
1631,Кредит
1632,Вклад
1633,Вклад
1634,Кредит
1635,Реструктуризация
1636,Кредит
1637,Ипотека
1638,Кредит
1639,Кредит
1640,Реструктуризация
1641,Бизнес услуги
1642,Кредит
1643,Вклад
1644,Кредит
1645,Ипотека
1646,Обслуживание физ. и юр. лиц
1647,Кредит
1648,Вклад
1649,Кредит
1650,Ипотека
1651,Кредит
1652,Кредит
1653,Кредит
1654,Ипотека
1655,Дебетовая карта
1656,Обслуживание физ. и юр. лиц
1657,Бизнес услуги
1658,Кредит
1659,Кредит
1660,Ипотека
1661,Реструктуризация
1662,Реструктуризация
1663,Кредит
1664,Бизнес услуги
1665,Бизнес услуги
1666,Реструктуризация
1667,Кредит
1668,Кредит
1669,Вклад
1670,Вклад
1671,Кредит
1672,Кредит
1673,Обслуживание физ. и юр. лиц
1674,Вклад
1675,Денежные переводы
1676,Кредит
1677,Бизнес услуги
1678,Кредит
1679,Кредит
1680,Кредит
1681,Вклад
1682,Кредит
1683,Кредит
1684,Ипотека
1685,Дебетовая карта
1686,Кредит
1687,Дебетовая карта
1688,Кредит
1689,Кредит
1690,Кредит
1691,Дебетовая карта
1692,Денежные переводы
1693,Кредит
1694,Вклад
1695,Ипотека
1696,Кредит
1697,Бизнес услуги
1698,Кредит
1699,Кредит
1700,Дебетовая карта
1701,Кредит
1702,Дебетовая карта
1703,Реструктуризация
1704,Ипотека
1705,Реструктуризация
1706,Кредит
1707,Кредит
1708,Кредит
1709,Реструктуризация
1710,Кредит
1711,Вклад
1712,Кредит
1713,Кредит
1714,Кредит
1715,Бизнес услуги
1716,Кредит
1717,Реструктуризация
1718,Ипотека
1719,Денежные переводы
1720,Бизнес услуги
1721,Кредит
1722,Кредит
1723,Бизнес услуги
1724,Обслуживание физ. и юр. лиц
1725,Кредит
1726,Реструктуризация
1727,Бизнес услуги
1728,Кредит
1729,Кредит
1730,Кредит
1731,Обслуживание физ. и юр. лиц
1732,Кредит
1733,Дебетовая карта
1734,Кредит
1735,Кредит
1736,Кредит
1737,Кредит
1738,Обслуживание физ. и юр. лиц
1739,Вклад
1740,Дебетовая карта
1741,Кредит
1742,Обслуживание физ. и юр. лиц
1743,Бизнес услуги
1744,Кредит
1745,Кредит
1746,Кредит
1747,Денежные переводы
1748,Обслуживание физ. и юр. лиц
1749,Бизнес услуги
1750,Кредит
1751,Ипотека
1752,Кредит
1753,Вклад
1754,Кредит
1755,Кредит
1756,Вклад
1757,Кредит
1758,Вклад
1759,Кредит
1760,Кредит
1761,Обслуживание физ. и юр. лиц
1762,Кредит
1763,Кредит
1764,Вклад
1765,Ипотека
1766,Кредит
1767,Кредит
1768,Реструктуризация
1769,Кредит
1770,Ипотека
1771,Бизнес услуги
1772,Кредит
1773,Обслуживание физ. и юр. лиц
1774,Кредит
1775,Бизнес услуги
1776,Вклад
1777,Дебетовая карта
1778,Кредит
1779,Кредит
1780,Кредит
1781,Кредит
1782,Вклад
1783,Вклад
1784,Бизнес услуги
1785,Бизнес услуги
1786,Кредит
1787,Ипотека
1788,Кредит
1789,Кредит
1790,Вклад
1791,Вклад
1792,Кредит
1793,Ипотека
1794,Кредит
1795,Кредит
1796,Кредит
1797,Кредит
1798,Кредит
1799,Кредит
1800,Обслуживание физ. и юр. лиц
1801,Кредит
1802,Кредит
1803,Вклад
1804,Кредит
1805,Бизнес услуги
1806,Обслуживание физ. и юр. лиц
1807,Кредит
1808,Кредит
1809,Вклад
1810,Реструктуризация
1811,Ипотека
1812,Кредит
1813,Ипотека
1814,Обслуживание физ. и юр. лиц
1815,Кредит
1816,Реструктуризация
1817,Обслуживание физ. и юр. лиц
1818,Кредит
1819,Кредит
1820,Кредит
1821,Ипотека
1822,Кредит
1823,Кредит
1824,Кредит
1825,Кредит
1826,Кредит
1827,Дебетовая карта
1828,Обслуживание физ. и юр. лиц
1829,Бизнес услуги
1830,Бизнес услуги
1831,Обслуживание физ. и юр. лиц
1832,Вклад
1833,Кредит
1834,Кредит
1835,Вклад
1836,Вклад
1837,Дебетовая карта
1838,Ипотека
1839,Кредит
1840,Обслуживание физ. и юр. лиц
1841,Кредит
1842,Кредит
1843,Кредит
1844,Вклад
1845,Кредит
1846,Бизнес услуги
1847,Кредит
1848,Кредит
1849,Ипотека
1850,Бизнес услуги
1851,Бизнес услуги
1852,Вклад
1853,Кредит
1854,Кредит
1855,Кредит
1856,Кредит
1857,Ипотека
1858,Дебетовая карта
1859,Реструктуризация
1860,Кредит
1861,Кредит
1862,Кредит
1863,Кредит
1864,Обслуживание физ. и юр. лиц
1865,Вклад
1866,Кредит
1867,Кредит
1868,Кредит
1869,Ипотека
1870,Кредит
1871,Кредит
1872,Ипотека
1873,Вклад
1874,Бизнес услуги
1875,Кредит
1876,Кредит
1877,Кредит
1878,Кредит
1879,Вклад
1880,Реструктуризация
1881,Кредит
1882,Кредит
1883,Кредит
1884,Кредит
1885,Вклад
1886,Ипотека
1887,Кредит
1888,Кредит
1889,Кредит
1890,Кредит
1891,Бизнес услуги
1892,Кредит
1893,Кредит
1894,Кредит
1895,Реструктуризация
1896,Кредит
1897,Ипотека
1898,Обслуживание физ. и юр. лиц
1899,Кредит
1900,Кредит
1901,Обслуживание физ. и юр. лиц
1902,Кредит
1903,Кредит
1904,Кредит
1905,Кредит
1906,Ипотека
1907,Вклад
1908,Вклад
1909,Вклад
1910,Ипотека
1911,Денежные переводы
1912,Ипотека
1913,Обслуживание физ. и юр. лиц
1914,Реструктуризация
1915,Кредит
1916,Кредит
1917,Кредит
1918,Кредит
1919,Кредит
1920,Ипотека
1921,Кредит
1922,Бизнес услуги
1923,Дебетовая карта
1924,Кредит
1925,Кредит
1926,Вклад
1927,Кредит
1928,Обслуживание физ. и юр. лиц
1929,Ипотека
1930,Кредит
1931,Кредит
1932,Вклад
1933,Бизнес услуги
1934,Бизнес услуги
1935,Вклад
1936,Дебетовая карта
1937,Вклад
1938,Кредит
1939,Вклад
1940,Вклад
1941,Ипотека
1942,Вклад
1943,Кредит
1944,Вклад
1945,Вклад
1946,Кредит
1947,Ипотека
1948,Кредит
1949,Ипотека
1950,Кредит
1951,Обслуживание физ. и юр. лиц
1952,Кредит
1953,Кредит
1954,Кредит
1955,Вклад
1956,Вклад
1957,Дебетовая карта
1958,Кредит
1959,Ипотека
1960,Кредит
1961,Кредит
1962,Кредит
1963,Вклад
1964,Ипотека
1965,Обслуживание физ. и юр. лиц
1966,Кредит
1967,Кредит
1968,Бизнес услуги
1969,Вклад
1970,Ипотека
1971,Кредит
1972,Ипотека
1973,Ипотека
1974,Вклад
1975,Вклад
1976,Дебетовая карта
1977,Обслуживание физ. и юр. лиц
1978,Бизнес услуги
1979,Кредит
1980,Кредит
1981,Кредит
1982,Кредит
1983,Вклад
1984,Кредит
1985,Денежные переводы
1986,Обслуживание физ. и юр. лиц
1987,Вклад
1988,Бизнес услуги
1989,Ипотека
1990,Кредит
1991,Кредит
1992,Кредит
1993,Ипотека
1994,Обслуживание физ. и юр. лиц
1995,Реструктуризация
1996,Дебетовая карта
1997,Кредит
1998,Кредит
1999,Кредит
2000,Кредит
2001,Кредит
2002,Вклад
2003,Ипотека
2004,Ипотека
2005,Кредит
2006,Кредит
2007,Кредит
2008,Кредит
2009,Кредит
2010,Бизнес услуги
2011,Ипотека
2012,Вклад
2013,Ипотека
2014,Ипотека
2015,Дебетовая карта
2016,Бизнес услуги
2017,Обслуживание физ. и юр. лиц
2018,Вклад
2019,Ипотека
2020,Кредит
2021,Кредит
2022,Вклад
2023,Вклад
2024,Вклад
2025,Реструктуризация
2026,Кредит
2027,Кредит
2028,Вклад
2029,Бизнес услуги
2030,Кредит
2031,Кредит
2032,Кредит
2033,Кредит
2034,Кредит
2035,Бизнес услуги
2036,Вклад
2037,Вклад
2038,Кредит
2039,Обслуживание физ. и юр. лиц
2040,Реструктуризация
2041,Ипотека
2042,Вклад
2043,Бизнес услуги
2044,Вклад
2045,Бизнес услуги
2046,Бизнес услуги
2047,Вклад
2048,Бизнес услуги
2049,Обслуживание физ. и юр. лиц
2050,Кредит
2051,Кредит
2052,Кредит
2053,Кредит
2054,Кредит
2055,Ипотека
2056,Кредит
2057,Вклад
2058,Кредит
2059,Вклад
2060,Кредит
2061,Ипотека
2062,Обслуживание физ. и юр. лиц
2063,Бизнес услуги
2064,Кредит
2065,Кредит
2066,Дебетовая карта
2067,Вклад
2068,Денежные переводы
2069,Кредит
2070,Кредит
2071,Вклад
2072,Обслуживание физ. и юр. лиц
2073,Кредит
2074,Бизнес услуги
2075,Кредит
2076,Вклад
2077,Бизнес услуги
2078,Кредит
2079,Кредит
2080,Реструктуризация
2081,Кредит
2082,Ипотека
2083,Ипотека
2084,Кредит
2085,Ипотека
2086,Кредит
2087,Кредит
2088,Кредит
2089,Бизнес услуги
2090,Вклад
2091,Кредит
2092,Кредит
2093,Дебетовая карта
2094,Кредит
2095,Кредит
2096,Вклад
2097,Кредит
2098,Кредит
2099,Кредит
2100,Ипотека
2101,Кредит
2102,Дебетовая карта
2103,Кредит
2104,Обслуживание физ. и юр. лиц
2105,Кредит
2106,Кредит
2107,Ипотека
2108,Кредит
2109,Кредит
2110,Бизнес услуги
2111,Дебетовая карта
2112,Кредит
2113,Кредит
2114,Кредит
2115,Кредит
2116,Кредит
2117,Вклад
2118,Ипотека
2119,Кредит
2120,Ипотека
2121,Обслуживание физ. и юр. лиц
2122,Кредит
2123,Кредит
2124,Кредит
2125,Кредит
2126,Вклад
2127,Кредит
2128,Кредит
2129,Кредит
2130,Кредит
2131,Дебетовая карта
2132,Кредит
2133,Кредит
2134,Вклад
2135,Ипотека
2136,Кредит
2137,Кредит
2138,Вклад
2139,Кредит
2140,Кредит
2141,Кредит
2142,Кредит
2143,Дебетовая карта
2144,Кредит
2145,Обслуживание физ. и юр. лиц
2146,Кредит
2147,Кредит
2148,Кредит
2149,Кредит
2150,Бизнес услуги
2151,Вклад
2152,Реструктуризация
2153,Бизнес услуги
2154,Кредит
2155,Кредит
2156,Кредит
2157,Кредит
2158,Дебетовая карта
2159,Кредит
2160,Вклад
2161,Кредит
2162,Кредит
2163,Кредит
2164,Реструктуризация
2165,Бизнес услуги
2166,Кредит
2167,Ипотека
2168,Обслуживание физ. и юр. лиц
2169,Вклад
2170,Ипотека
2171,Ипотека
2172,Кредит
2173,Кредит
2174,Кредит
2175,Кредит
2176,Ипотека
2177,Кредит
2178,Кредит
2179,Дебетовая карта
2180,Кредит
2181,Кредит
2182,Кредит
2183,Кредит
2184,Обслуживание физ. и юр. лиц
2185,Кредит
2186,Обслуживание физ. и юр. лиц
2187,Кредит
2188,Кредит
2189,Кредит
2190,Вклад
2191,Ипотека
2192,Вклад
2193,Вклад
2194,Обслуживание физ. и юр. лиц
2195,Инвестиционные продукты
2196,Вклад
2197,Кредит
2198,Бизнес услуги
2199,Дебетовая карта
2200,Кредит
2201,Кредит
2202,Кредит
2203,Кредит
2204,Ипотека
2205,Вклад
2206,Кредит
2207,Обслуживание физ. и юр. лиц
2208,Обслуживание физ. и юр. лиц
2209,Кредит
2210,Ипотека
2211,Кредит
2212,Кредит
2213,Кредит
2214,Реструктуризация
2215,Бизнес услуги
2216,Обслуживание физ. и юр. лиц
2217,Вклад
2218,Обслуживание физ. и юр. лиц
2219,Вклад
2220,Ипотека
2221,Ипотека
2222,Бизнес услуги
2223,Ипотека
2224,Кредит
2225,Вклад
2226,Ипотека
2227,Вклад
2228,Кредит
2229,Кредит
2230,Кредит
2231,Кредит
2232,Вклад
2233,Кредит
2234,Вклад
2235,Вклад
2236,Обслуживание физ. и юр. лиц
2237,Кредит
2238,Дебетовая карта
2239,Кредит
2240,Вклад
2241,Кредит
2242,Реструктуризация
2243,Ипотека
2244,Кредит
2245,Вклад
2246,Кредит
2247,Кредит
2248,Ипотека
2249,Кредит
2250,Обслуживание физ. и юр. лиц
2251,Вклад
2252,Кредит
2253,Бизнес услуги
2254,Кредит
2255,Кредит
2256,Ипотека
2257,Кредит
2258,Кредит
2259,Ипотека
2260,Кредит
2261,Реструктуризация
2262,Кредит
2263,Кредит
2264,Бизнес услуги
2265,Вклад
2266,Обслуживание физ. и юр. лиц
2267,Обслуживание физ. и юр. лиц
2268,Обслуживание физ. и юр. лиц
2269,Дебетовая карта
2270,Дебетовая карта
2271,Бизнес услуги
2272,Кредит
2273,Обслуживание физ. и юр. лиц
2274,Кредит
2275,Обслуживание физ. и юр. лиц
2276,Ипотека
2277,Кредит
2278,Кредит
2279,Кредит
2280,Бизнес услуги
2281,Кредит
2282,Денежные переводы
2283,Дебетовая карта
2284,Кредит
2285,Бизнес услуги
2286,Кредит
2287,Ипотека
2288,Кредит
2289,Бизнес услуги
2290,Кредит
2291,Кредит
2292,Кредит
2293,Кредит
2294,Обслуживание физ. и юр. лиц
2295,Кредит
2296,Ипотека
2297,Вклад
2298,Кредит
2299,Кредит
2300,Реструктуризация
2301,Обслуживание физ. и юр. лиц
2302,Кредит
2303,Кредит
2304,Ипотека
2305,Вклад
2306,Дебетовая карта
2307,Ипотека
2308,Ипотека
2309,Кредит
2310,Кредит
2311,Кредит
2312,Кредит
2313,Вклад
2314,Бизнес услуги
2315,Кредит
2316,Кредит
2317,Кредит
2318,Обслуживание физ. и юр. лиц
2319,Бизнес услуги
2320,Кредит
2321,Кредит
2322,Кредит
2323,Ипотека
2324,Кредит
2325,Бизнес услуги
2326,Кредит
2327,Вклад
2328,Кредит
2329,Кредит
2330,Кредит
2331,Ипотека
2332,Обслуживание физ. и юр. лиц
2333,Кредит
2334,Кредит
2335,Кредит
2336,Ипотека
2337,Кредит
2338,Кредит
2339,Бизнес услуги
2340,Кредит
2341,Ипотека
2342,Вклад
2343,Обслуживание физ. и юр. лиц
2344,Кредит
2345,Кредит
2346,Кредит
2347,Ипотека
2348,Кредит
2349,Бизнес услуги
2350,Кредит
2351,Кредит
2352,Вклад
2353,Кредит
2354,Вклад
2355,Реструктуризация
2356,Вклад
2357,Ипотека
2358,Кредит
2359,Кредит
2360,Кредит
2361,Бизнес услуги
2362,Ипотека
2363,Кредит
2364,Кредит
2365,Вклад
2366,Вклад
2367,Кредит
2368,Кредит
2369,Бизнес услуги
2370,Кредит
2371,Кредит
2372,Кредит
2373,Ипотека
2374,Кредит
2375,Реструктуризация
2376,Кредит
2377,Кредит
2378,Ипотека
2379,Кредит
2380,Кредит
2381,Вклад
2382,Ипотека
2383,Вклад
2384,Кредит
2385,Кредит
2386,Бизнес услуги
2387,Кредит
2388,Вклад
2389,Вклад
2390,Ипотека
2391,Кредит
2392,Кредит
2393,Кредит
2394,Дебетовая карта
2395,Кредит
2396,Бизнес услуги
2397,Вклад
2398,Кредит
2399,Вклад
2400,Ипотека
2401,Кредит
2402,Кредит
2403,Кредит
2404,Бизнес услуги
2405,Кредит
2406,Вклад
2407,Кредит
2408,Кредит
2409,Бизнес услуги
2410,Ипотека
2411,Обслуживание физ. и юр. лиц
2412,Кредит
2413,Кредит
2414,Бизнес услуги
2415,Кредит
2416,Кредит
2417,Ипотека
2418,Дебетовая карта
2419,Реструктуризация
2420,Кредит
2421,Вклад
2422,Вклад
2423,Кредит
2424,Кредит
2425,Кредит
2426,Бизнес услуги
2427,Бизнес услуги
2428,Кредит
2429,Ипотека
2430,Ипотека
2431,Реструктуризация
2432,Кредит
2433,Кредит
2434,Ипотека
2435,Кредит
2436,Кредит
2437,Кредит
2438,Вклад
2439,Ипотека
2440,Вклад
2441,Кредит
2442,Кредит
2443,Кредит
2444,Кредит
2445,Вклад
2446,Кредит
2447,Кредит
2448,Бизнес услуги
2449,Кредит
2450,Обслуживание физ. и юр. лиц
2451,Реструктуризация
2452,Кредит
2453,Бизнес услуги
2454,Кредит
2455,Кредит
2456,Кредит
2457,Кредит
2458,Кредит
2459,Бизнес услуги
2460,Кредит
2461,Вклад
2462,Ипотека
2463,Кредит
2464,Дебетовая карта
2465,Кредит
2466,Кредит
2467,Кредит
2468,Обслуживание физ. и юр. лиц
2469,Кредит
2470,Дебетовая карта
2471,Вклад
2472,Кредит
2473,Кредит
2474,Ипотека
2475,Вклад
2476,Кредит
2477,Кредит
2478,Кредит
2479,Кредит
2480,Обслуживание физ. и юр. лиц
2481,Вклад
2482,Кредит
2483,Кредит
2484,Ипотека
2485,Реструктуризация
2486,Кредит
2487,Обслуживание физ. и юр. лиц
2488,Кредит
2489,Бизнес услуги
2490,Кредит
2491,Вклад
2492,Обслуживание физ. и юр. лиц
2493,Кредит
2494,Реструктуризация
2495,Обслуживание физ. и юр. лиц
2496,Вклад
2497,Кредит
2498,Кредит
2499,Вклад
2500,Вклад
2501,Кредит
2502,Дебетовая карта
2503,Вклад
2504,Бизнес услуги
2505,Кредит
2506,Бизнес услуги
2507,Кредит
2508,Ипотека
2509,Вклад
2510,Кредит
2511,Дебетовая карта
2512,Кредит
2513,Вклад
2514,Кредит
2515,Кредит
2516,Кредит
2517,Кредит
2518,Кредит
2519,Ипотека
2520,Вклад
2521,Бизнес услуги
2522,Кредит
2523,Кредит
2524,Обслуживание физ. и юр. лиц
2525,Кредит
2526,Кредит
2527,Кредит
2528,Кредит
2529,Кредит
2530,Ипотека
2531,Кредит
2532,Бизнес услуги
2533,Кредит
2534,Кредит
2535,Кредит
2536,Ипотека
2537,Вклад
2538,Обслуживание физ. и юр. лиц
2539,Кредит
2540,Ипотека
2541,Кредит
2542,Кредит
2543,Кредит
2544,Реструктуризация
2545,Ипотека
2546,Вклад
2547,Кредит
2548,Бизнес услуги
2549,Ипотека
2550,Вклад
2551,Вклад
2552,Кредит
2553,Кредит
2554,Кредит
2555,Бизнес услуги
2556,Вклад
2557,Кредит
2558,Кредит
2559,Кредит
2560,Вклад
2561,Вклад
2562,Кредит
2563,Кредит
2564,Кредит
2565,Обслуживание физ. и юр. лиц
2566,Кредит
2567,Реструктуризация
2568,Бизнес услуги
2569,Обслуживание физ. и юр. лиц
2570,Реструктуризация
2571,Кредит
2572,Обслуживание физ. и юр. лиц
2573,Кредит
2574,Реструктуризация
2575,Кредит
2576,Дебетовая карта
2577,Обслуживание физ. и юр. лиц
2578,Кредит
2579,Дебетовая карта
2580,Вклад
2581,Бизнес услуги
2582,Реструктуризация
2583,Кредит
2584,Кредит
2585,Кредит
2586,Кредит
2587,Бизнес услуги
2588,Кредит
2589,Кредит
2590,Кредит
2591,Кредит
2592,Кредит
2593,Бизнес услуги
2594,Кредит
2595,Кредит
2596,Кредит
2597,Денежные переводы
2598,Денежные переводы
2599,Ипотека
2600,Реструктуризация
2601,Кредит
2602,Вклад
2603,Дебетовая карта
2604,Кредит
2605,Кредит
2606,Бизнес услуги
2607,Вклад
2608,Вклад
2609,Кредит
2610,Вклад
2611,Бизнес услуги
2612,Кредит
2613,Вклад
2614,Кредит
2615,Обслуживание физ. и юр. лиц
2616,Вклад
2617,Кредит
2618,Ипотека
2619,Обслуживание физ. и юр. лиц
2620,Бизнес услуги
2621,Кредит
2622,Денежные переводы
2623,Кредит
2624,Ипотека
2625,Кредит
2626,Кредит
2627,Реструктуризация
2628,Реструктуризация
2629,Вклад
2630,Кредит
2631,Кредит
2632,Кредит
2633,Кредит
2634,Кредит
2635,Кредит
2636,Вклад
2637,Вклад
2638,Кредит
2639,Кредит
2640,Дебетовая карта
2641,Вклад
2642,Кредит
2643,Кредит
2644,Вклад
2645,Ипотека
2646,Обслуживание физ. и юр. лиц
2647,Обслуживание физ. и юр. лиц
2648,Кредит
2649,Кредит
2650,Вклад
2651,Вклад
2652,Кредит
2653,Бизнес услуги
2654,Кредит
2655,Вклад
2656,Кредит
2657,Кредит
2658,Кредит
2659,Вклад
2660,Бизнес услуги
2661,Вклад
2662,Кредит
2663,Кредит
2664,Ипотека
2665,Вклад
2666,Ипотека
2667,Ипотека
2668,Ипотека
2669,Бизнес услуги
2670,Кредит
2671,Кредит
2672,Бизнес услуги
2673,Кредит
2674,Обслуживание физ. и юр. лиц
2675,Вклад
2676,Кредит
2677,Кредит
2678,Дебетовая карта
2679,Кредит
2680,Кредит
2681,Кредит
2682,Кредит
2683,Кредит
2684,Реструктуризация
2685,Кредит
2686,Вклад
2687,Кредит
2688,Кредит
2689,Кредит
2690,Кредит
2691,Кредит
2692,Кредит
2693,Кредит
2694,Реструктуризация
2695,Кредит
2696,Ипотека
2697,Кредит
2698,Кредит
2699,Кредит
2700,Кредит
2701,Ипотека
2702,Кредит
2703,Вклад
2704,Обслуживание физ. и юр. лиц
2705,Кредит
2706,Кредит
2707,Кредит
2708,Вклад
2709,Ипотека
2710,Бизнес услуги
2711,Кредит
2712,Кредит
2713,Ипотека
2714,Кредит
2715,Кредит
2716,Кредит
2717,Кредит
2718,Кредит
2719,Кредит
2720,Кредит
2721,Кредит
2722,Бизнес услуги
2723,Кредит
2724,Реструктуризация
2725,Вклад
2726,Кредит
2727,Кредит
2728,Кредит
2729,Кредит
2730,Кредит
2731,Бизнес услуги
2732,Кредит
2733,Кредит
2734,Кредит
2735,Вклад
2736,Кредит
2737,Обслуживание физ. и юр. лиц
2738,Кредит
2739,Кредит
2740,Ипотека
2741,Вклад
2742,Вклад
2743,Вклад
2744,Кредит
2745,Кредит
2746,Кредит
2747,Вклад
2748,Кредит
2749,Денежные переводы
